altitude,temp,humidity,dew_point
125.1875,25.1875,45.25809,13.95877
