altitude,temp,humidity,dew_point
124.625,25.1875,43.06082,13.32046
