altitude,temp,humidity,dew_point
125.1875,25.125,43.81613,13.47668
