altitude,temp,humidity,dew_point
124.3125,25.8125,41.65701,13.30397
