altitude,temp,humidity,dew_point
120.375,27.3125,39.76492,13.98446
