altitude,temp,humidity,dew_point
119.375,29.1875,37.58292,14.79836
