altitude,temp,humidity,dew_point
122.625,30.4375,34.24887,14.74021
