altitude,temp,humidity,dew_point
123.0625,26.125,42.00797,13.75088
