altitude,temp,humidity,dew_point
123.0625,26.3125,41.51206,13.67683
