altitude,temp,humidity,dew_point
124.8125,25.875,42.56491,13.65732
