altitude,temp,humidity,dew_point
124.625,25.6875,41.95456,13.33613
