altitude,temp,humidity,dew_point
125.0625,25.375,43.85428,13.69894
