altitude,temp,humidity,dew_point
123.125,26.1875,41.61887,13.61445
