altitude,temp,humidity,dew_point
116.625,27.4375,37.68973,13.25809
