altitude,temp,humidity,dew_point
122.1875,26.4375,38.99436,12.82629
