altitude,temp,humidity,dew_point
122.3125,26.5625,38.97147,12.93549
