altitude,temp,humidity,dew_point
125.1875,25.1875,43.57199,13.37849
