altitude,temp,humidity,dew_point
124.4375,24.875,44.63248,13.49567
