altitude,temp,humidity,dew_point
122.1875,26.375,39.35294,12.90238
