altitude,temp,humidity,dew_point
121.375,26.5625,38.81125,12.87243
