altitude,temp,humidity,dew_point
122.5625,26.625,40.52786,13.65451
