altitude,temp,humidity,dew_point
123.5625,25.375,42.57254,13.28349
