altitude,temp,humidity,dew_point
119.5625,26.9375,38.00253,12.87737
