altitude,temp,humidity,dew_point
124.4375,25.875,42.00034,13.49746
