altitude,temp,humidity,dew_point
123.4375,24.5625,45.00632,13.33478
