altitude,temp,humidity,dew_point
124.1875,25.3125,43.86954,13.60535
