altitude,temp,humidity,dew_point
119.8125,28.125,36.15622,13.26238
