altitude,temp,humidity,dew_point
124.875,25.0625,44.42648,13.55524
