altitude,temp,humidity,dew_point
125.0625,25.625,42.90823,13.59334
