altitude,temp,humidity,dew_point
125.6875,24.125,46.24991,13.37028
