altitude,temp,humidity,dew_point
119.875,27.0625,37.87283,12.92331
