altitude,temp,humidity,dew_point
121.875,26.5625,38.68155,12.77048
