altitude,temp,humidity,dew_point
156.4375,27.125,46.87552,16.37348
