altitude,temp,humidity,dew_point
155.875,27.5625,44.83084,16.11942
