altitude,temp,humidity,dew_point
155.125,27.0625,44.75455,15.52622
