altitude,temp,humidity,dew_point
154.1875,27.5625,46.60849,16.65653
