altitude,temp,humidity,dew_point
157.1875,24.875,47.27988,14.32921
