altitude,temp,humidity,dew_point
155.4375,26.875,47.13492,16.21633
