altitude,temp,humidity,dew_point
156.375,27.1875,44.48752,15.53687
