altitude,temp,humidity,dew_point
156.1875,27.8125,45.40305,16.46096
