altitude,temp,humidity,dew_point
156.1875,26.6875,41.50443,14.01762
