altitude,temp,humidity,dew_point
158.625,24.5625,46.23465,13.75586
