altitude,temp,humidity,dew_point
156.1875,28.1875,44.94528,16.68478
